{
  "name": "root",
  "gauges": [
    {
      "name": "My Behavior.mean_reward",
      "value": 2.431366212485779,
      "min": -4.883686545227344,
      "max": 3.370618497399846,
      "count": 20
    }
  ],
  "total": 431.3903493,
  "count": 1,
  "self": 31.31441610000138,
  "children": [
    {
      "name": "TrainerController.advance",
      "total": 400.07593319999864,
      "count": 20351,
      "self": 21.810125599999424,
      "children": [
        {
          "name": "env_step",
          "total": 323.7525806999987,
          "count": 20351,
          "self": 263.22340089999733,
          "children": [
            {
              "name": "SubprocessEnvManager._take_step",
              "total": 60.15695920000003,
              "count": 20351,
              "self": 0.7735833999996586,
              "children": [
                {
                  "name": "PPOPolicy.evaluate",
                  "total": 59.38337580000037,
                  "count": 20351,
                  "self": 59.38337580000037
                }
              ]
            },
            {
              "name": "workers",
              "total": 0.3722206000013202,
              "count": 20350,
              "self": 0.0,
              "children": [
                {
                  "name": "worker_root",
                  "total": 428.81015030000196,
                  "count": 20350,
                  "is_parallel": true,
                  "self": 186.0792845999999,
                  "children": [
                    {
                      "name": "UnityEnvironment.step",
                      "total": 242.73086570000206,
                      "count": 20350,
                      "is_parallel": true,
                      "self": 6.969619300006997,
                      "children": [
                        {
                          "name": "UnityEnvironment._generate_step_input",
                          "total": 1.6138329999964185,
                          "count": 20350,
                          "is_parallel": true,
                          "self": 1.6138329999964185
                        },
                        {
                          "name": "communicator.exchange",
                          "total": 234.14741339999864,
                          "count": 20350,
                          "is_parallel": true,
                          "self": 234.14741339999864
                        }
                      ]
                    }
                  ]
                }
              ]
            }
          ]
        },
        {
          "name": "update_policy",
          "total": 54.513226900000504,
          "count": 154,
          "self": 3.286582399999986,
          "children": [
            {
              "name": "PPOPolicy.update",
              "total": 51.22664450000052,
              "count": 5772,
              "self": 51.22664450000052
            }
          ]
        }
      ]
    }
  ]
}