{
  "name": "root",
  "total": 14.5324815,
  "count": 1,
  "self": 14.5324815
}