{"count":1,"self":94.572704,"total":96.6123044,"children":{"AgentResetIfDone":{"count":4772,"self":0.0049659,"total":0.0049659,"children":null},"AgentSendState":{"count":4772,"self":0.0267237,"total":1.9756932999999999,"children":{"CollectObservations":{"count":4772,"self":1.9489695999999999,"total":1.9489695999999999,"children":null}}},"DecideAction":{"count":4772,"self":0.028282599999999998,"total":0.028282599999999998,"children":null},"AcademyStep":{"count":4772,"self":0.00791,"total":0.00791,"children":null},"AgentAct":{"count":4772,"self":0.021750699999999998,"total":0.021750699999999998,"children":null}}}