{"count":1,"self":21.6355248,"total":21.9227649,"children":{"AgentResetIfDone":{"count":900,"self":0.0031284,"total":0.0031284,"children":null},"AgentSendState":{"count":900,"self":0.002362,"total":0.0141715,"children":{"CollectObservations":{"count":90,"self":0.011809499999999999,"total":0.011809499999999999,"children":null}}},"DecideAction":{"count":900,"self":0.261363,"total":0.263266,"children":{"RayPerceptionSensor.Perceive":{"count":90,"self":0.001903,"total":0.001903,"children":null}}},"AcademyStep":{"count":900,"self":0,"total":0,"children":null},"AgentAct":{"count":900,"self":0.0056765999999999995,"total":0.0056765999999999995,"children":null}}}