{"count":1,"self":5.889352,"total":6.2835773,"children":{"AgentResetIfDone":{"count":93,"self":0.0039822,"total":0.0039822,"children":null},"AgentSendState":{"count":93,"self":0.0059365,"total":0.3690747,"children":{"CollectObservations":{"count":186,"self":0.36313819999999997,"total":0.36313819999999997,"children":null}}},"DecideAction":{"count":93,"self":0.018182,"total":0.018182,"children":null}}}