{"count":1,"self":1546.7429888,"total":1548.271613,"children":{"AgentResetIfDone":{"count":1849,"self":0.0037698999999999996,"total":0.0037698999999999996,"children":null},"AgentSendState":{"count":1849,"self":0.0146539,"total":1.5078535,"children":{"CollectObservations":{"count":1849,"self":1.4931995999999998,"total":1.4931995999999998,"children":null}}},"DecideAction":{"count":1849,"self":0.0089912,"total":0.0089912,"children":null},"AcademyStep":{"count":1849,"self":0.0009563,"total":0.0009563,"children":null},"AgentAct":{"count":1849,"self":0.0060504999999999995,"total":0.0060504999999999995,"children":null}}}