{"count":1,"self":18.0628,"total":18.2092636,"children":{"AgentResetIfDone":{"count":667,"self":0.0088712,"total":0.0088712,"children":null},"AgentSendState":{"count":667,"self":0.0074508,"total":0.0220041,"children":{"CollectObservations":{"count":667,"self":0.0145533,"total":0.0145533,"children":null}}},"DecideAction":{"count":667,"self":0.098192099999999991,"total":0.098192099999999991,"children":null},"AcademyStep":{"count":667,"self":0.0008043,"total":0.0008043,"children":null},"AgentAct":{"count":667,"self":0.0145966,"total":0.0145966,"children":null}}}